Node,CPU_Usage,Memory_Usage
Node 1,0,0
Node 2,0,0
Node 3,0,0
Node 4,0,0
Node 5,0,0
Node 6,0,0
Node 7,0,0
Node 8,0,0
Node 9,0,0
Node 10,0,0
Node 11,0,0
Node 12,0,0
Node 13,0,0
Node 14,0,0
Node 15,0,0
Node 16,0,0
Node 17,0,0
Node 18,0,0
Node 19,0,0
Node 20,0,0
Node 21,0,0
Node 22,0,0
Node 23,0,0
Node 24,0,0
Node 25,0,0
Node 26,0,0
Node 27,0,0
Node 28,0,0
Node 29,0,0
Node 30,0,0
Node 31,0,0
Node 32,0,0
Node 33,0,0
Node 34,0,0
Node 35,0,0
Node 36,0,0
Node 37,0,0
Node 38,0,0
Node 39,0,0
Node 40,0,0
Node 41,0,0
Node 42,0,0
Node 43,0,0
Node 44,0,0
Node 45,0,0
Node 46,0,0
Node 47,0,0
Node 48,0,0
Node 49,0,0
Node 50,0,0
Node 51,0,0
Node 52,0,0
Node 53,0,0
Node 54,0,0
Node 55,0,0
Node 56,0,0
Node 57,0,0
Node 58,0,0
Node 59,0,0
Node 60,0,0
Node 61,0,0
Node 62,0,0
Node 63,0,0
Node 64,0,0
Node 65,0,0
Node 66,0,0
Node 67,0,0
Node 68,0,0
Node 69,0,0
Node 70,0,0
Node 71,0,0
Node 72,0,0
Node 73,0,0
Node 74,0,0
Node 75,0,0
Node 76,0,0
Node 77,0,0
Node 78,0,0
Node 79,0,0
Node 80,0,0
Node 81,0,0
Node 82,0,0
Node 83,0,0
Node 84,0,0
Node 85,0,0
Node 86,0,0
Node 87,0,0
Node 88,0,0
Node 89,0,0
Node 90,0,0
Node 91,0,0
Node 92,0,0
Node 93,0,0
Node 94,0,0
Node 95,0,0
Node 96,0,0
Node 97,0,0
Node 98,0,0
Node 99,0,0
Node 100,0,0
Node 101,0,0
Node 102,0,0
Node 103,0,0
Node 104,0,0
Node 105,0,0
Node 106,0,0
Node 107,0,0
Node 108,0,0
Node 109,0,0
Node 110,0,0
Node 111,0,0
Node 112,0,0
Node 113,0,0
Node 114,0,0
Node 115,0,0
Node 116,0,0
Node 117,0,0
Node 118,0,0
Node 119,0,0
Node 120,0,0
Node 121,0,0
Node 122,0,0
Node 123,0,0
Node 124,0,0
Node 125,0,0
Node 126,0,0
Node 127,0,0
Node 128,0,0
